x-axis,1,2,3
second,Volt,Volt,Volt
-51.5400E-06,+428.1250000000E+00,+4.1125000000E+00,+408.7500000000E+00
-51.4400E-06,+412.5000000000E+00,+4.1437500000E+00,+407.1875000000E+00
-51.3400E-06,+415.6250000000E+00,+4.1375000000E+00,+406.5625000000E+00
-51.2400E-06,+412.5000000000E+00,+4.1437500000E+00,+406.5625000000E+00
-51.1400E-06,+406.2500000000E+00,+4.1375000000E+00,+405.6250000000E+00
-51.0400E-06,+171.8749999999E+00,+3.9562500000E+00,+405.9375000000E+00
-50.9400E-06,-3.1250000000E+00,+3.4875000000E+00,+406.5625000000E+00
-50.8400E-06,-15.6250000000E+00,+4.1125000000E+00,+405.6250000000E+00
-50.7400E-06,-15.6250000000E+00,+4.1625000000E+00,+405.9375000000E+00
-50.6400E-06,-6.2500000000E+00,+4.3937500000E+00,+405.6250000000E+00
-50.5400E-06,-9.3750000000E+00,+4.2937500000E+00,+405.9375000000E+00
-50.4400E-06,-6.2500000000E+00,+4.1187500000E+00,+405.6250000000E+00
-50.3400E-06,+0.0E+00,+4.0875000000E+00,+405.9375000000E+00
-50.2400E-06,-9.3750000000E+00,+4.0375000000E+00,+406.5625000000E+00
-50.1400E-06,-6.2500000000E+00,+3.9500000000E+00,+406.5625000000E+00
-50.0400E-06,+0.0E+00,+4.0437500000E+00,+406.5625000000E+00
-49.9400E-06,-9.3750000000E+00,+4.0437500000E+00,+405.6250000000E+00
-49.8400E-06,-6.2500000000E+00,+4.0437500000E+00,+405.9375000000E+00
-49.7400E-06,-9.3750000000E+00,+4.1500000000E+00,+405.6250000000E+00
-49.6400E-06,-6.2500000000E+00,+4.0750000000E+00,+405.0000000000E+00
-49.5400E-06,+0.0E+00,+4.1312500000E+00,+405.0000000000E+00
-49.4400E-06,+0.0E+00,+4.0500000000E+00,+405.9375000000E+00
-49.3400E-06,+0.0E+00,+4.1062500000E+00,+406.5625000000E+00
-49.2400E-06,+0.0E+00,+4.0500000000E+00,+406.5625000000E+00
-49.1400E-06,-9.3750000000E+00,+4.0500000000E+00,+406.5625000000E+00
-49.0400E-06,-15.6250000000E+00,+4.0687500000E+00,+405.6250000000E+00
-48.9400E-06,-15.6250000000E+00,+4.0687500000E+00,+405.0000000000E+00
-48.8400E-06,-6.2500000000E+00,+4.0750000000E+00,+405.0000000000E+00
-48.7400E-06,-9.3750000000E+00,+4.0625000000E+00,+405.0000000000E+00
-48.6400E-06,-15.6250000000E+00,+4.0812500000E+00,+405.0000000000E+00
-48.5400E-06,-6.2500000000E+00,+4.0562500000E+00,+405.0000000000E+00
-48.4400E-06,+0.0E+00,+4.0875000000E+00,+405.0000000000E+00
-48.3400E-06,+0.0E+00,+4.0687500000E+00,+405.9375000000E+00
-48.2400E-06,+0.0E+00,+4.0500000000E+00,+404.6875000000E+00
-48.1400E-06,+0.0E+00,+4.0625000000E+00,+403.4375000000E+00
-48.0400E-06,+0.0E+00,+4.0625000000E+00,+404.3750000000E+00
-47.9400E-06,-9.3750000000E+00,+4.0625000000E+00,+405.0000000000E+00
-47.8400E-06,-6.2500000000E+00,+4.0437500000E+00,+405.0000000000E+00
-47.7400E-06,+0.0E+00,+4.0687500000E+00,+405.0000000000E+00
-47.6400E-06,+0.0E+00,+4.0750000000E+00,+405.0000000000E+00
-47.5400E-06,+0.0E+00,+4.0812500000E+00,+404.0625000000E+00
-47.4400E-06,+18.7500000000E+00,+4.0750000000E+00,+403.4375000000E+00
-47.3400E-06,+50.0000000000E+00,+4.0625000000E+00,+404.3750000000E+00
-47.2400E-06,+90.6250000000E+00,+4.0625000000E+00,+405.0000000000E+00
-47.1400E-06,+128.1250000000E+00,+4.0812500000E+00,+405.0000000000E+00
-47.0400E-06,+168.7500000001E+00,+4.0750000000E+00,+405.0000000000E+00
-46.9400E-06,+215.6250000001E+00,+4.0625000000E+00,+405.0000000000E+00
-46.8400E-06,+271.8750000001E+00,+4.0812500000E+00,+405.0000000000E+00
-46.7400E-06,+325.0000000001E+00,+4.0937500000E+00,+405.0000000000E+00
-46.6400E-06,+381.2500000001E+00,+4.0750000000E+00,+405.0000000000E+00
-46.5400E-06,+415.6250000000E+00,+4.0625000000E+00,+407.8125000000E+00
-46.4400E-06,+421.8750000000E+00,+4.0625000000E+00,+409.6875000000E+00
-46.3400E-06,+421.8750000000E+00,+4.0812500000E+00,+409.6875000000E+00
-46.2400E-06,+421.8750000000E+00,+4.0937500000E+00,+409.6875000000E+00
-46.1400E-06,+421.8750000000E+00,+4.0937500000E+00,+410.6250000000E+00
-46.0400E-06,+421.8750000000E+00,+4.0937500000E+00,+411.2500000000E+00
-45.9400E-06,+421.8750000000E+00,+4.0937500000E+00,+411.2500000000E+00
-45.8400E-06,+412.5000000000E+00,+4.0937500000E+00,+410.3125000000E+00
-45.7400E-06,+415.6250000000E+00,+4.1312500000E+00,+411.5625000000E+00
-45.6400E-06,+431.2500000000E+00,+4.1562500000E+00,+411.8750000000E+00
-45.5400E-06,+428.1250000000E+00,+4.1750000000E+00,+412.1875000000E+00
-45.4400E-06,+431.2500000000E+00,+4.1875000000E+00,+412.8125000000E+00
-45.3400E-06,+428.1250000000E+00,+4.1875000000E+00,+412.8125000000E+00
-45.2400E-06,+431.2500000000E+00,+4.1875000000E+00,+412.8125000000E+00
-45.1400E-06,+428.1250000000E+00,+4.1875000000E+00,+412.8125000000E+00
-45.0400E-06,+421.8750000000E+00,+4.1875000000E+00,+411.8750000000E+00
-44.9400E-06,+421.8750000000E+00,+4.1875000000E+00,+411.2500000000E+00
-44.8400E-06,+421.8750000000E+00,+4.2062500000E+00,+412.1875000000E+00
-44.7400E-06,+421.8750000000E+00,+4.2000000000E+00,+412.8125000000E+00
-44.6400E-06,+431.2500000000E+00,+4.2062500000E+00,+412.8125000000E+00
-44.5400E-06,+428.1250000000E+00,+4.2187500000E+00,+412.8125000000E+00
-44.4400E-06,+421.8750000000E+00,+4.2375000000E+00,+412.8125000000E+00
-44.3400E-06,+421.8750000000E+00,+4.2312500000E+00,+412.8125000000E+00
-44.2400E-06,+421.8750000000E+00,+4.2187500000E+00,+412.8125000000E+00
-44.1400E-06,+421.8750000000E+00,+4.2000000000E+00,+412.8125000000E+00
-44.0400E-06,+412.5000000000E+00,+4.2062500000E+00,+412.8125000000E+00
-43.9400E-06,+415.6250000000E+00,+4.2187500000E+00,+412.8125000000E+00
-43.8400E-06,+421.8750000000E+00,+4.2375000000E+00,+412.8125000000E+00
-43.7400E-06,+431.2500000000E+00,+4.2312500000E+00,+412.8125000000E+00
-43.6400E-06,+428.1250000000E+00,+4.2375000000E+00,+411.8750000000E+00
-43.5400E-06,+421.8750000000E+00,+4.2687500000E+00,+412.1875000000E+00
-43.4400E-06,+412.5000000000E+00,+4.2437500000E+00,+412.8125000000E+00
-43.3400E-06,+415.6250000000E+00,+4.2375000000E+00,+411.8750000000E+00
-43.2400E-06,+412.5000000000E+00,+4.2500000000E+00,+412.1875000000E+00
-43.1400E-06,+406.2500000000E+00,+4.2500000000E+00,+411.8750000000E+00
-43.0400E-06,+415.6250000000E+00,+4.2312500000E+00,+412.1875000000E+00
-42.9400E-06,+421.8750000000E+00,+4.2562500000E+00,+411.8750000000E+00
-42.8400E-06,+421.8750000000E+00,+4.2625000000E+00,+412.1875000000E+00
-42.7400E-06,+421.8750000000E+00,+4.2500000000E+00,+411.8750000000E+00
-42.6400E-06,+412.5000000000E+00,+4.2312500000E+00,+411.2500000000E+00
-42.5400E-06,+415.6250000000E+00,+4.2562500000E+00,+411.2500000000E+00
-42.4400E-06,+412.5000000000E+00,+4.2437500000E+00,+411.2500000000E+00
-42.3400E-06,+415.6250000000E+00,+4.2375000000E+00,+410.3125000000E+00
-42.2400E-06,+412.5000000000E+00,+4.2500000000E+00,+410.6250000000E+00
-42.1400E-06,+415.6250000000E+00,+4.2500000000E+00,+412.1875000000E+00
-42.0400E-06,+412.5000000000E+00,+4.2312500000E+00,+411.8750000000E+00
-41.9400E-06,+415.6250000000E+00,+4.2187500000E+00,+411.2500000000E+00
-41.8400E-06,+421.8750000000E+00,+4.2187500000E+00,+411.2500000000E+00
-41.7400E-06,+421.8750000000E+00,+4.2375000000E+00,+411.2500000000E+00
-41.6400E-06,+412.5000000000E+00,+4.2500000000E+00,+411.2500000000E+00
-41.5400E-06,+415.6250000000E+00,+4.2312500000E+00,+410.3125000000E+00
-41.4400E-06,+431.2500000000E+00,+4.2187500000E+00,+410.6250000000E+00
-41.3400E-06,+428.1250000000E+00,+4.2375000000E+00,+410.3125000000E+00
-41.2400E-06,+421.8750000000E+00,+4.2500000000E+00,+409.6875000000E+00
-41.1400E-06,+421.8750000000E+00,+4.2500000000E+00,+409.6875000000E+00
-41.0400E-06,+412.5000000000E+00,+4.2312500000E+00,+410.6250000000E+00
-40.9400E-06,+415.6250000000E+00,+4.2375000000E+00,+411.2500000000E+00
-40.8400E-06,+412.5000000000E+00,+4.2500000000E+00,+410.3125000000E+00
-40.7400E-06,+415.6250000000E+00,+4.2312500000E+00,+408.7500000000E+00
-40.6400E-06,+412.5000000000E+00,+4.2187500000E+00,+409.0625000000E+00
-40.5400E-06,+415.6250000000E+00,+4.2187500000E+00,+409.6875000000E+00
-40.4400E-06,+412.5000000000E+00,+4.2187500000E+00,+409.6875000000E+00
-40.3400E-06,+415.6250000000E+00,+4.2375000000E+00,+409.6875000000E+00
-40.2400E-06,+412.5000000000E+00,+4.2312500000E+00,+409.6875000000E+00
-40.1400E-06,+415.6250000000E+00,+4.2375000000E+00,+409.6875000000E+00
-40.0400E-06,+431.2500000000E+00,+4.2500000000E+00,+409.6875000000E+00
-39.9400E-06,+428.1250000000E+00,+4.2500000000E+00,+409.6875000000E+00
-39.8400E-06,+412.5000000000E+00,+4.2312500000E+00,+409.6875000000E+00
-39.7400E-06,+406.2500000000E+00,+4.2375000000E+00,+409.6875000000E+00
-39.6400E-06,+406.2500000000E+00,+4.2312500000E+00,+409.6875000000E+00
-39.5400E-06,+406.2500000000E+00,+4.2187500000E+00,+409.6875000000E+00
-39.4400E-06,+406.2500000000E+00,+4.2187500000E+00,+409.6875000000E+00
-39.3400E-06,+415.6250000000E+00,+4.2187500000E+00,+408.7500000000E+00
-39.2400E-06,+412.5000000000E+00,+4.2187500000E+00,+409.0625000000E+00
-39.1400E-06,+406.2500000000E+00,+4.2187500000E+00,+408.7500000000E+00
-39.0400E-06,+406.2500000000E+00,+4.2187500000E+00,+408.1250000000E+00
-38.9400E-06,+406.2500000000E+00,+4.2187500000E+00,+408.1250000000E+00
-38.8400E-06,+406.2500000000E+00,+4.2187500000E+00,+407.1875000000E+00
-38.7400E-06,+406.2500000000E+00,+4.2187500000E+00,+408.4375000000E+00
-38.6400E-06,+406.2500000000E+00,+4.2000000000E+00,+408.7500000000E+00
-38.5400E-06,+415.6250000000E+00,+4.1875000000E+00,+407.1875000000E+00
-38.4400E-06,+421.8750000000E+00,+4.2062500000E+00,+407.5000000000E+00
-38.3400E-06,+421.8750000000E+00,+4.2187500000E+00,+409.0625000000E+00
-38.2400E-06,+421.8750000000E+00,+4.2000000000E+00,+407.8125000000E+00
-38.1400E-06,+421.8750000000E+00,+4.2062500000E+00,+407.5000000000E+00
-38.0400E-06,+412.4999999999E+00,+4.2187500000E+00,+408.1250000000E+00
-37.9400E-06,+415.6250000001E+00,+4.2000000000E+00,+408.1250000000E+00
-37.8400E-06,+412.4999999999E+00,+4.1875000000E+00,+407.1875000000E+00
-37.7400E-06,+415.6250000001E+00,+4.1875000000E+00,+407.5000000000E+00
-37.6400E-06,+412.4999999999E+00,+4.1875000000E+00,+408.1250000000E+00
-37.5400E-06,+406.2500000000E+00,+4.1687500000E+00,+408.1250000000E+00
-37.4400E-06,+406.2500000000E+00,+4.1937500000E+00,+408.1250000000E+00
-37.3400E-06,+415.6250000001E+00,+4.2000000000E+00,+408.1250000000E+00
-37.2400E-06,+421.8750000000E+00,+4.1687500000E+00,+407.1875000000E+00
-37.1400E-06,+412.4999999999E+00,+4.1750000000E+00,+406.5625000000E+00
-37.0400E-06,+406.2500000000E+00,+4.1687500000E+00,+407.5000000000E+00
-36.9400E-06,+415.6250000001E+00,+4.1750000000E+00,+408.1250000000E+00
-36.8400E-06,+412.4999999999E+00,+4.1687500000E+00,+407.1875000000E+00
-36.7400E-06,+415.6250000001E+00,+4.1750000000E+00,+407.5000000000E+00
-36.6400E-06,+421.8750000000E+00,+4.1687500000E+00,+408.1250000000E+00
-36.5400E-06,+412.4999999999E+00,+4.1562500000E+00,+407.1875000000E+00
-36.4400E-06,+406.2500000000E+00,+4.1562500000E+00,+406.5625000000E+00
-36.3400E-06,+406.2500000000E+00,+4.1562500000E+00,+407.5000000000E+00
-36.2400E-06,+406.2500000000E+00,+4.1375000000E+00,+407.1875000000E+00
-36.1400E-06,+406.2500000000E+00,+4.1625000000E+00,+406.5625000000E+00
-36.0400E-06,+406.2500000000E+00,+4.1687500000E+00,+406.5625000000E+00
-35.9400E-06,+415.6250000001E+00,+4.1562500000E+00,+407.5000000000E+00
-35.8400E-06,+412.4999999999E+00,+4.1562500000E+00,+406.2500000000E+00
-35.7400E-06,+415.6250000001E+00,+4.1562500000E+00,+405.9375000000E+00
-35.6400E-06,+412.4999999999E+00,+4.1375000000E+00,+406.5625000000E+00
-35.5400E-06,+406.2500000000E+00,+4.1437500000E+00,+406.5625000000E+00
-35.4400E-06,+162.4999999984E+00,+3.9875000000E+00,+406.5625000000E+00
-35.3400E-06,-9.3750000001E+00,+3.5000000000E+00,+406.5625000000E+00
-35.2400E-06,-6.2499999999E+00,+4.1125000000E+00,+405.6250000000E+00
-35.1400E-06,-9.3750000001E+00,+4.1625000000E+00,+406.8750000000E+00
-35.0400E-06,-15.6250000000E+00,+4.4125000000E+00,+406.2500000000E+00
-34.9400E-06,-6.2499999999E+00,+4.2875000000E+00,+405.0000000000E+00
-34.8400E-06,-9.3750000001E+00,+4.1250000000E+00,+405.0000000000E+00
-34.7400E-06,-6.2499999999E+00,+4.0625000000E+00,+405.9375000000E+00
-34.6400E-06,+0.0E+00,+3.9937500000E+00,+406.5625000000E+00
-34.5400E-06,-9.3750000001E+00,+3.9375000000E+00,+405.6250000000E+00
-34.4400E-06,-6.2499999999E+00,+4.0437500000E+00,+405.9375000000E+00
-34.3400E-06,-9.3750000001E+00,+4.0250000000E+00,+405.6250000000E+00
-34.2400E-06,-6.2499999999E+00,+4.0312500000E+00,+405.0000000000E+00
-34.1400E-06,-9.3750000001E+00,+4.1312500000E+00,+405.9375000000E+00
-34.0400E-06,-6.2499999999E+00,+4.0812500000E+00,+405.6250000000E+00
-33.9400E-06,-9.3750000001E+00,+4.1437500000E+00,+405.9375000000E+00
-33.8400E-06,-15.6250000000E+00,+4.0687500000E+00,+405.6250000000E+00
-33.7400E-06,-15.6250000000E+00,+4.1000000000E+00,+405.9375000000E+00
-33.6400E-06,-6.2499999999E+00,+4.0562500000E+00,+405.6250000000E+00
-33.5400E-06,-9.3750000001E+00,+4.0812500000E+00,+405.9375000000E+00
-33.4400E-06,-15.6250000000E+00,+4.0625000000E+00,+405.6250000000E+00
-33.3400E-06,-6.2499999999E+00,+4.0562500000E+00,+405.0000000000E+00
-33.2400E-06,-9.3750000001E+00,+4.0750000000E+00,+405.0000000000E+00
-33.1400E-06,-6.2499999999E+00,+4.0625000000E+00,+405.0000000000E+00
-33.0400E-06,-9.3750000001E+00,+4.0812500000E+00,+405.0000000000E+00
-32.9400E-06,-15.6250000000E+00,+4.0562500000E+00,+405.0000000000E+00
-32.8400E-06,-6.2499999999E+00,+4.0687500000E+00,+405.0000000000E+00
-32.7400E-06,+0.0E+00,+4.0562500000E+00,+405.0000000000E+00
-32.6400E-06,+0.0E+00,+4.0687500000E+00,+405.0000000000E+00
-32.5400E-06,+0.0E+00,+4.0937500000E+00,+405.0000000000E+00
-32.4400E-06,+0.0E+00,+4.0562500000E+00,+405.0000000000E+00
-32.3400E-06,+0.0E+00,+4.0500000000E+00,+405.9375000000E+00
-32.2400E-06,+0.0E+00,+4.0625000000E+00,+405.6250000000E+00
-32.1400E-06,-9.3750000001E+00,+4.0625000000E+00,+405.0000000000E+00
-32.0400E-06,-6.2499999999E+00,+4.0437500000E+00,+405.0000000000E+00
-31.9400E-06,+0.0E+00,+4.0875000000E+00,+405.0000000000E+00
-31.8400E-06,+18.7500000001E+00,+4.0687500000E+00,+405.0000000000E+00
-31.7400E-06,+50.0000000001E+00,+4.0687500000E+00,+405.0000000000E+00
-31.6400E-06,+81.2500000002E+00,+4.0750000000E+00,+405.0000000000E+00
-31.5400E-06,+121.8750000002E+00,+4.0812500000E+00,+405.0000000000E+00
-31.4400E-06,+168.7500000002E+00,+4.0750000000E+00,+404.0625000000E+00
-31.3400E-06,+215.6250000002E+00,+4.0625000000E+00,+403.4375000000E+00
-31.2400E-06,+262.5000000002E+00,+4.0812500000E+00,+403.4375000000E+00
-31.1400E-06,+309.3750000002E+00,+4.0750000000E+00,+404.3750000000E+00
-31.0400E-06,+375.0000000004E+00,+4.0625000000E+00,+405.0000000000E+00
-30.9400E-06,+415.6250000001E+00,+4.0625000000E+00,+407.8125000000E+00
-30.8400E-06,+421.8750000000E+00,+4.0625000000E+00,+409.6875000000E+00
-30.7400E-06,+421.8750000000E+00,+4.0812500000E+00,+409.6875000000E+00
-30.6400E-06,+421.8750000000E+00,+4.1125000000E+00,+409.6875000000E+00
-30.5400E-06,+421.8750000000E+00,+4.1062500000E+00,+410.6250000000E+00
-30.4400E-06,+421.8750000000E+00,+4.0937500000E+00,+411.2500000000E+00
-30.3400E-06,+412.4999999999E+00,+4.1125000000E+00,+411.2500000000E+00
-30.2400E-06,+415.6250000001E+00,+4.1250000000E+00,+411.2500000000E+00
-30.1400E-06,+412.4999999999E+00,+4.1250000000E+00,+411.2500000000E+00
-30.0400E-06,+425.0000000002E+00,+4.1437500000E+00,+411.2500000000E+00
-29.9400E-06,+428.1249999999E+00,+4.1562500000E+00,+411.2500000000E+00
-29.8400E-06,+412.4999999999E+00,+4.1562500000E+00,+412.1875000000E+00
-29.7400E-06,+415.6250000001E+00,+4.1750000000E+00,+411.8750000000E+00
-29.6400E-06,+421.8750000000E+00,+4.1875000000E+00,+413.1250000000E+00
-29.5400E-06,+421.8750000000E+00,+4.1875000000E+00,+413.4375000000E+00
-29.4400E-06,+421.8750000000E+00,+4.1687500000E+00,+412.8125000000E+00
-29.3400E-06,+421.8750000000E+00,+4.1937500000E+00,+411.8750000000E+00
-29.2400E-06,+421.8750000000E+00,+4.2187500000E+00,+412.1875000000E+00
-29.1400E-06,+421.8750000000E+00,+4.2187500000E+00,+412.8125000000E+00
-29.0400E-06,+431.2500000001E+00,+4.2187500000E+00,+412.8125000000E+00
-28.9400E-06,+428.1249999999E+00,+4.2375000000E+00,+413.7500000000E+00
-28.8400E-06,+412.4999999999E+00,+4.2125000000E+00,+412.5000000000E+00
-28.7400E-06,+415.6250000001E+00,+4.2062500000E+00,+412.1875000000E+00
-28.6400E-06,+421.8750000000E+00,+4.2187500000E+00,+411.8750000000E+00
-28.5400E-06,+421.8750000000E+00,+4.2375000000E+00,+411.2500000000E+00
-28.4400E-06,+431.2500000001E+00,+4.2312500000E+00,+411.2500000000E+00
-28.3400E-06,+428.1249999999E+00,+4.2562500000E+00,+413.1250000000E+00
-28.2400E-06,+412.4999999999E+00,+4.2437500000E+00,+413.4375000000E+00
-28.1400E-06,+406.2500000000E+00,+4.2187500000E+00,+412.8125000000E+00
-28.0400E-06,+415.6250000001E+00,+4.2187500000E+00,+412.8125000000E+00
-27.9400E-06,+421.8750000000E+00,+4.2187500000E+00,+412.8125000000E+00
-27.8400E-06,+421.8750000000E+00,+4.2187500000E+00,+412.8125000000E+00
-27.7400E-06,+421.8750000000E+00,+4.2562500000E+00,+411.8750000000E+00
-27.6400E-06,+412.4999999999E+00,+4.2812500000E+00,+412.1875000000E+00
-27.5400E-06,+415.6250000001E+00,+4.2437500000E+00,+412.8125000000E+00
-27.4400E-06,+412.4999999999E+00,+4.2375000000E+00,+412.8125000000E+00
-27.3400E-06,+415.6250000001E+00,+4.2687500000E+00,+412.8125000000E+00
-27.2400E-06,+421.8750000000E+00,+4.2812500000E+00,+411.8750000000E+00
-27.1400E-06,+421.8750000000E+00,+4.2437500000E+00,+411.2500000000E+00
-27.0400E-06,+412.4999999999E+00,+4.2375000000E+00,+411.2500000000E+00
-26.9400E-06,+415.6250000001E+00,+4.2687500000E+00,+412.1875000000E+00
-26.8400E-06,+421.8750000000E+00,+4.2625000000E+00,+411.8750000000E+00
-26.7400E-06,+421.8750000000E+00,+4.2687500000E+00,+411.2500000000E+00
-26.6400E-06,+412.4999999999E+00,+4.2625000000E+00,+411.2500000000E+00
-26.5400E-06,+415.6250000001E+00,+4.2500000000E+00,+412.1875000000E+00
-26.4400E-06,+421.8750000000E+00,+4.2500000000E+00,+411.8750000000E+00
-26.3400E-06,+421.8750000000E+00,+4.2500000000E+00,+411.2500000000E+00
-26.2400E-06,+412.4999999999E+00,+4.2500000000E+00,+410.3125000000E+00
-26.1400E-06,+415.6250000001E+00,+4.2687500000E+00,+409.6875000000E+00
-26.0400E-06,+412.4999999999E+00,+4.2625000000E+00,+409.6875000000E+00
-25.9400E-06,+415.6250000001E+00,+4.2687500000E+00,+408.7500000000E+00
-25.8400E-06,+412.4999999999E+00,+4.2437500000E+00,+409.0625000000E+00
-25.7400E-06,+406.2500000000E+00,+4.2375000000E+00,+409.6875000000E+00
-25.6400E-06,+406.2500000000E+00,+4.2312500000E+00,+409.6875000000E+00
-25.5400E-06,+415.6250000001E+00,+4.2375000000E+00,+410.6250000000E+00
-25.4400E-06,+412.4999999999E+00,+4.2312500000E+00,+409.3750000000E+00
-25.3400E-06,+415.6250000001E+00,+4.2375000000E+00,+410.0000000000E+00
-25.2400E-06,+412.4999999999E+00,+4.2312500000E+00,+409.3750000000E+00
-25.1400E-06,+415.6250000001E+00,+4.2187500000E+00,+409.0625000000E+00
-25.0400E-06,+412.4999999999E+00,+4.2187500000E+00,+410.6250000000E+00
-24.9400E-06,+406.2500000000E+00,+4.2187500000E+00,+410.3125000000E+00
-24.8400E-06,+415.6250000001E+00,+4.2187500000E+00,+409.6875000000E+00
-24.7400E-06,+421.8750000000E+00,+4.2375000000E+00,+409.6875000000E+00
-24.6400E-06,+421.8750000000E+00,+4.2312500000E+00,+409.6875000000E+00
-24.5400E-06,+421.8750000000E+00,+4.2187500000E+00,+409.6875000000E+00
-24.4400E-06,+412.4999999999E+00,+4.2187500000E+00,+409.6875000000E+00
-24.3400E-06,+415.6250000001E+00,+4.2375000000E+00,+408.7500000000E+00
-24.2400E-06,+421.8750000000E+00,+4.2312500000E+00,+409.0625000000E+00
-24.1400E-06,+421.8750000000E+00,+4.2187500000E+00,+408.7500000000E+00
-24.0400E-06,+412.4999999999E+00,+4.2187500000E+00,+409.0625000000E+00
-23.9400E-06,+415.6250000001E+00,+4.2375000000E+00,+408.7500000000E+00
-23.8400E-06,+412.4999999999E+00,+4.2500000000E+00,+408.1250000000E+00
-23.7400E-06,+406.2500000000E+00,+4.2312500000E+00,+408.1250000000E+00
-23.6400E-06,+406.2500000000E+00,+4.2187500000E+00,+409.0625000000E+00
-23.5400E-06,+415.6250000001E+00,+4.2187500000E+00,+408.7500000000E+00
-23.4400E-06,+412.4999999999E+00,+4.2187500000E+00,+408.1250000000E+00
-23.3400E-06,+406.2500000000E+00,+4.2187500000E+00,+408.1250000000E+00
-23.2400E-06,+406.2500000000E+00,+4.2187500000E+00,+408.1250000000E+00
-23.1400E-06,+406.2500000000E+00,+4.2187500000E+00,+409.0625000000E+00
-23.0400E-06,+406.2500000000E+00,+4.2187500000E+00,+408.7500000000E+00
-22.9400E-06,+415.6250000001E+00,+4.2000000000E+00,+408.1250000000E+00
-22.8400E-06,+412.4999999999E+00,+4.2062500000E+00,+408.1250000000E+00
-22.7400E-06,+415.6250000001E+00,+4.2000000000E+00,+408.1250000000E+00
-22.6400E-06,+412.4999999999E+00,+4.2062500000E+00,+408.1250000000E+00
-22.5400E-06,+406.2500000000E+00,+4.2187500000E+00,+408.1250000000E+00
-22.4400E-06,+406.2500000000E+00,+4.2000000000E+00,+408.1250000000E+00
-22.3400E-06,+415.6250000001E+00,+4.1875000000E+00,+408.1250000000E+00
-22.2400E-06,+421.8750000000E+00,+4.1875000000E+00,+409.0625000000E+00
-22.1400E-06,+421.8750000000E+00,+4.1875000000E+00,+408.7500000000E+00
-22.0400E-06,+412.4999999999E+00,+4.1875000000E+00,+408.1250000000E+00
-21.9400E-06,+396.8749999999E+00,+4.1875000000E+00,+408.1250000000E+00
-21.8400E-06,+400.0000000001E+00,+4.1875000000E+00,+408.1250000000E+00
-21.7400E-06,+415.6250000001E+00,+4.1875000000E+00,+408.1250000000E+00
-21.6400E-06,+421.8750000000E+00,+4.1875000000E+00,+407.1875000000E+00
-21.5400E-06,+421.8750000000E+00,+4.1875000000E+00,+407.5000000000E+00
-21.4400E-06,+412.4999999999E+00,+4.1687500000E+00,+407.1875000000E+00
-21.3400E-06,+406.2500000000E+00,+4.1750000000E+00,+406.5625000000E+00
-21.2400E-06,+406.2500000000E+00,+4.1687500000E+00,+406.5625000000E+00
-21.1400E-06,+415.6250000001E+00,+4.1750000000E+00,+407.5000000000E+00
-21.0400E-06,+412.4999999999E+00,+4.1500000000E+00,+408.1250000000E+00
-20.9400E-06,+415.6250000001E+00,+4.1625000000E+00,+407.1875000000E+00
-20.8400E-06,+412.4999999999E+00,+4.1875000000E+00,+406.5625000000E+00
-20.7400E-06,+406.2500000000E+00,+4.1875000000E+00,+407.5000000000E+00
-20.6400E-06,+406.2500000000E+00,+4.1687500000E+00,+407.1875000000E+00
-20.5400E-06,+406.2500000000E+00,+4.1750000000E+00,+406.5625000000E+00
-20.4400E-06,+406.2500000000E+00,+4.1687500000E+00,+406.5625000000E+00
-20.3400E-06,+415.6250000001E+00,+4.1562500000E+00,+407.5000000000E+00
-20.2400E-06,+412.4999999999E+00,+4.1562500000E+00,+407.1875000000E+00
-20.1400E-06,+415.6250000001E+00,+4.1750000000E+00,+407.5000000000E+00
-20.0400E-06,+412.4999999999E+00,+4.1500000000E+00,+407.1875000000E+00
-19.9400E-06,+415.6250000001E+00,+4.1437500000E+00,+407.5000000000E+00
-19.8400E-06,+168.7499999983E+00,+3.9875000000E+00,+407.1875000000E+00
-19.7400E-06,-9.3750000001E+00,+3.5000000000E+00,+406.5625000000E+00
-19.6400E-06,-6.2499999999E+00,+4.1312500000E+00,+405.6250000000E+00
-19.5400E-06,-9.3750000001E+00,+4.1937500000E+00,+405.9375000000E+00
-19.4400E-06,-6.2499999999E+00,+4.4437500000E+00,+405.6250000000E+00
-19.3400E-06,+0.0E+00,+4.3000000000E+00,+405.9375000000E+00
-19.2400E-06,-9.3750000001E+00,+4.1625000000E+00,+405.6250000000E+00
-19.1400E-06,-15.6250000000E+00,+4.0875000000E+00,+405.9375000000E+00
-19.0400E-06,-6.2499999999E+00,+4.0125000000E+00,+406.5625000000E+00
-18.9400E-06,+0.0E+00,+3.9500000000E+00,+405.6250000000E+00
-18.8400E-06,+0.0E+00,+4.0437500000E+00,+405.9375000000E+00
-18.7400E-06,+0.0E+00,+4.0250000000E+00,+406.5625000000E+00
-18.6400E-06,-9.3750000001E+00,+4.0687500000E+00,+405.6250000000E+00
-18.5400E-06,-15.6250000000E+00,+4.1375000000E+00,+405.9375000000E+00
-18.4400E-06,-6.2499999999E+00,+4.0875000000E+00,+405.6250000000E+00
-18.3400E-06,+0.0E+00,+4.1750000000E+00,+405.0000000000E+00
-18.2400E-06,-9.3750000001E+00,+4.0812500000E+00,+405.0000000000E+00
-18.1400E-06,-6.2499999999E+00,+4.1000000000E+00,+405.9375000000E+00
-18.0400E-06,+0.0E+00,+4.0562500000E+00,+406.5625000000E+00
-17.9400E-06,-9.3750000001E+00,+4.0625000000E+00,+404.6875000000E+00
-17.8400E-06,-15.6250000000E+00,+4.0312500000E+00,+404.3750000000E+00
-17.7400E-06,-15.6250000000E+00,+4.0437500000E+00,+405.0000000000E+00
-17.6400E-06,-6.2499999999E+00,+4.0937500000E+00,+405.0000000000E+00
-17.5400E-06,+0.0E+00,+4.0750000000E+00,+405.9375000000E+00
-17.4400E-06,+0.0E+00,+4.0812500000E+00,+405.6250000000E+00
-17.3400E-06,-9.3750000001E+00,+4.0562500000E+00,+405.0000000000E+00
-17.2400E-06,-6.2499999999E+00,+4.0875000000E+00,+405.0000000000E+00
-17.1400E-06,+0.0E+00,+4.0875000000E+00,+405.0000000000E+00
-17.0400E-06,+0.0E+00,+4.1000000000E+00,+404.0625000000E+00
-16.9400E-06,+0.0E+00,+4.0687500000E+00,+404.3750000000E+00
-16.8400E-06,+0.0E+00,+4.0687500000E+00,+405.0000000000E+00
-16.7400E-06,+0.0E+00,+4.0750000000E+00,+404.0625000000E+00
-16.6400E-06,+0.0E+00,+4.0625000000E+00,+404.3750000000E+00
-16.5400E-06,-9.3750000001E+00,+4.0625000000E+00,+405.0000000000E+00
-16.4400E-06,-6.2499999999E+00,+4.0625000000E+00,+404.0625000000E+00
-16.3400E-06,+0.0E+00,+4.0625000000E+00,+404.3750000000E+00
-16.2400E-06,+18.7500000001E+00,+4.0625000000E+00,+404.0625000000E+00
-16.1400E-06,+50.0000000001E+00,+4.0812500000E+00,+404.3750000000E+00
-16.0400E-06,+81.2500000001E+00,+4.0937500000E+00,+405.0000000000E+00
-15.9400E-06,+121.8750000002E+00,+4.0750000000E+00,+405.0000000000E+00
-15.8400E-06,+178.1250000002E+00,+4.0625000000E+00,+405.0000000000E+00
-15.7400E-06,+231.2500000002E+00,+4.0625000000E+00,+404.0625000000E+00
-15.6400E-06,+278.1250000002E+00,+4.0625000000E+00,+404.3750000000E+00
-15.5400E-06,+325.0000000002E+00,+4.0437500000E+00,+405.0000000000E+00
-15.4400E-06,+381.2500000002E+00,+4.0687500000E+00,+405.0000000000E+00
-15.3400E-06,+415.6250000001E+00,+4.0562500000E+00,+408.7500000000E+00
-15.2400E-06,+421.8750000000E+00,+4.0500000000E+00,+410.3125000000E+00
-15.1400E-06,+421.8750000000E+00,+4.0812500000E+00,+410.6250000000E+00
-15.0400E-06,+412.4999999999E+00,+4.0937500000E+00,+411.2500000000E+00
-14.9400E-06,+415.6250000001E+00,+4.0937500000E+00,+411.2500000000E+00
-14.8400E-06,+431.2500000001E+00,+4.0937500000E+00,+411.2500000000E+00
-14.7400E-06,+428.1249999999E+00,+4.1125000000E+00,+411.2500000000E+00
-14.6400E-06,+421.8750000000E+00,+4.1250000000E+00,+412.1875000000E+00
-14.5400E-06,+421.8750000000E+00,+4.1437500000E+00,+411.8750000000E+00
-14.4400E-06,+421.8750000000E+00,+4.1562500000E+00,+412.1875000000E+00
-14.3400E-06,+421.8750000000E+00,+4.1750000000E+00,+411.8750000000E+00
-14.2400E-06,+431.2500000001E+00,+4.1875000000E+00,+411.2500000000E+00
-14.1400E-06,+428.1249999999E+00,+4.2062500000E+00,+411.2500000000E+00
-14.0400E-06,+421.8750000000E+00,+4.2000000000E+00,+411.2500000000E+00
-13.9400E-06,+412.4999999999E+00,+4.2062500000E+00,+412.1875000000E+00
-13.8400E-06,+415.6250000001E+00,+4.2187500000E+00,+412.8125000000E+00
-13.7400E-06,+421.8750000000E+00,+4.2000000000E+00,+411.8750000000E+00
-13.6400E-06,+421.8750000000E+00,+4.2062500000E+00,+413.1250000000E+00
-13.5400E-06,+421.8750000000E+00,+4.2187500000E+00,+413.4375000000E+00
-13.4400E-06,+412.4999999999E+00,+4.2187500000E+00,+412.8125000000E+00
-13.3400E-06,+415.6250000001E+00,+4.2000000000E+00,+412.8125000000E+00
-13.2400E-06,+421.8750000000E+00,+4.1875000000E+00,+412.8125000000E+00
-13.1400E-06,+421.8750000000E+00,+4.2250000000E+00,+411.8750000000E+00
-13.0400E-06,+431.2500000001E+00,+4.2312500000E+00,+412.1875000000E+00
-12.9400E-06,+428.1249999999E+00,+4.2187500000E+00,+412.8125000000E+00
-12.8400E-06,+421.8750000000E+00,+4.2187500000E+00,+412.8125000000E+00
-12.7400E-06,+421.8750000000E+00,+4.2187500000E+00,+411.8750000000E+00
-12.6400E-06,+421.8750000000E+00,+4.2187500000E+00,+412.1875000000E+00
-12.5400E-06,+421.8750000000E+00,+4.2375000000E+00,+412.8125000000E+00
-12.4400E-06,+431.2500000001E+00,+4.2312500000E+00,+412.8125000000E+00
-12.3400E-06,+428.1249999999E+00,+4.2187500000E+00,+412.8125000000E+00
-12.2400E-06,+412.4999999999E+00,+4.2375000000E+00,+413.7500000000E+00
-12.1400E-06,+415.6250000001E+00,+4.2500000000E+00,+413.4375000000E+00
-12.0400E-06,+412.4999999999E+00,+4.2312500000E+00,+411.8750000000E+00
-11.9400E-06,+415.6250000001E+00,+4.2187500000E+00,+411.2500000000E+00
-11.8400E-06,+412.4999999999E+00,+4.2375000000E+00,+412.1875000000E+00
-11.7400E-06,+415.6250000001E+00,+4.2500000000E+00,+412.8125000000E+00
-11.6400E-06,+421.8750000000E+00,+4.2500000000E+00,+411.8750000000E+00
-11.5400E-06,+412.4999999999E+00,+4.2500000000E+00,+411.2500000000E+00
-11.4400E-06,+406.2500000000E+00,+4.2500000000E+00,+411.2500000000E+00
-11.3400E-06,+415.6250000001E+00,+4.2500000000E+00,+411.2500000000E+00
-11.2400E-06,+421.8750000000E+00,+4.2687500000E+00,+412.1875000000E+00
-11.1400E-06,+421.8750000000E+00,+4.2812500000E+00,+411.8750000000E+00
-11.0400E-06,+412.4999999999E+00,+4.2625000000E+00,+411.2500000000E+00
-10.9400E-06,+415.6250000001E+00,+4.2500000000E+00,+410.3125000000E+00
-10.8400E-06,+431.2500000001E+00,+4.2500000000E+00,+410.6250000000E+00
-10.7400E-06,+428.1249999999E+00,+4.2312500000E+00,+411.2500000000E+00
-10.6400E-06,+412.4999999999E+00,+4.2375000000E+00,+410.3125000000E+00
-10.5400E-06,+415.6250000001E+00,+4.2687500000E+00,+409.6875000000E+00
-10.4400E-06,+412.4999999999E+00,+4.2625000000E+00,+410.6250000000E+00
-10.3400E-06,+415.6250000001E+00,+4.2687500000E+00,+410.3125000000E+00
-10.2400E-06,+431.2500000001E+00,+4.2437500000E+00,+410.6250000000E+00
-10.1400E-06,+428.1249999999E+00,+4.2562500000E+00,+411.2500000000E+00
-10.0400E-06,+412.4999999999E+00,+4.2437500000E+00,+410.3125000000E+00
-9.9400E-06,+415.6250000001E+00,+4.2750000000E+00,+409.6875000000E+00
-9.8400E-06,+403.1249999999E+00,+4.2562500000E+00,+408.7500000000E+00
-9.7400E-06,+400.0000000001E+00,+4.2375000000E+00,+409.0625000000E+00
-9.6400E-06,+406.2500000000E+00,+4.2312500000E+00,+409.6875000000E+00
-9.5400E-06,+406.2500000000E+00,+4.2562500000E+00,+409.6875000000E+00
-9.4400E-06,+406.2500000000E+00,+4.2437500000E+00,+409.6875000000E+00
-9.3400E-06,+415.6250000001E+00,+4.2187500000E+00,+409.6875000000E+00
-9.2400E-06,+421.8750000000E+00,+4.2187500000E+00,+409.6875000000E+00
-9.1400E-06,+412.4999999999E+00,+4.2000000000E+00,+410.6250000000E+00
-9.0400E-06,+406.2500000000E+00,+4.2062500000E+00,+411.2500000000E+00
-8.9400E-06,+406.2500000000E+00,+4.2375000000E+00,+410.3125000000E+00
-8.8400E-06,+406.2500000000E+00,+4.2312500000E+00,+408.7500000000E+00
-8.7400E-06,+415.6250000001E+00,+4.2187500000E+00,+409.0625000000E+00
-8.6400E-06,+412.4999999999E+00,+4.2187500000E+00,+409.6875000000E+00
-8.5400E-06,+415.6250000001E+00,+4.2187500000E+00,+409.6875000000E+00
-8.4400E-06,+412.4999999999E+00,+4.2187500000E+00,+408.7500000000E+00
-8.3400E-06,+406.2500000000E+00,+4.2375000000E+00,+409.0625000000E+00
-8.2400E-06,+406.2500000000E+00,+4.2312500000E+00,+409.6875000000E+00
-8.1400E-06,+415.6250000001E+00,+4.2187500000E+00,+408.7500000000E+00
-8.0400E-06,+412.4999999999E+00,+4.2187500000E+00,+409.0625000000E+00
-7.9400E-06,+415.6250000001E+00,+4.2187500000E+00,+408.7500000000E+00
-7.8400E-06,+412.4999999999E+00,+4.2187500000E+00,+408.1250000000E+00
-7.7400E-06,+415.6250000001E+00,+4.2187500000E+00,+409.0625000000E+00
-7.6400E-06,+412.4999999999E+00,+4.2562500000E+00,+408.7500000000E+00
-7.5400E-06,+415.6250000001E+00,+4.2437500000E+00,+407.1875000000E+00
-7.4400E-06,+412.4999999999E+00,+4.2000000000E+00,+407.5000000000E+00
-7.3400E-06,+415.6250000001E+00,+4.2062500000E+00,+409.0625000000E+00
-7.2400E-06,+412.4999999999E+00,+4.2187500000E+00,+409.6875000000E+00
-7.1400E-06,+415.6250000001E+00,+4.2187500000E+00,+408.7500000000E+00
-7.0400E-06,+412.4999999999E+00,+4.2187500000E+00,+408.1250000000E+00
-6.9400E-06,+415.6250000001E+00,+4.2000000000E+00,+408.1250000000E+00
-6.8400E-06,+412.4999999999E+00,+4.1687500000E+00,+407.1875000000E+00
-6.7400E-06,+415.6250000001E+00,+4.1937500000E+00,+408.4375000000E+00
-6.6400E-06,+412.4999999999E+00,+4.2187500000E+00,+408.7500000000E+00
-6.5400E-06,+406.2500000000E+00,+4.2000000000E+00,+408.1250000000E+00
-6.4400E-06,+415.6250000001E+00,+4.1687500000E+00,+408.1250000000E+00
-6.3400E-06,+421.8750000000E+00,+4.1750000000E+00,+408.1250000000E+00
-6.2400E-06,+412.4999999999E+00,+4.1875000000E+00,+407.1875000000E+00
-6.1400E-06,+406.2500000000E+00,+4.1875000000E+00,+407.5000000000E+00
-6.0400E-06,+406.2500000000E+00,+4.1687500000E+00,+407.1875000000E+00
-5.9400E-06,+415.6250000001E+00,+4.1750000000E+00,+406.5625000000E+00
-5.8400E-06,+412.4999999999E+00,+4.1687500000E+00,+406.5625000000E+00
-5.7400E-06,+415.6250000001E+00,+4.1750000000E+00,+406.5625000000E+00
-5.6400E-06,+412.4999999999E+00,+4.1687500000E+00,+406.5625000000E+00
-5.5400E-06,+415.6250000001E+00,+4.1750000000E+00,+407.5000000000E+00
-5.4400E-06,+412.4999999999E+00,+4.1687500000E+00,+407.1875000000E+00
-5.3400E-06,+406.2500000000E+00,+4.1562500000E+00,+406.5625000000E+00
-5.2400E-06,+406.2500000000E+00,+4.1562500000E+00,+406.5625000000E+00
-5.1400E-06,+406.2500000000E+00,+4.1750000000E+00,+406.5625000000E+00
-5.0400E-06,+415.6250000001E+00,+4.1687500000E+00,+406.5625000000E+00
-4.9400E-06,+421.8750000000E+00,+4.1562500000E+00,+406.5625000000E+00
-4.8400E-06,+412.4999999999E+00,+4.1562500000E+00,+406.5625000000E+00
-4.7400E-06,+415.6250000001E+00,+4.1562500000E+00,+406.5625000000E+00
-4.6400E-06,+412.4999999999E+00,+4.1562500000E+00,+406.5625000000E+00
-4.5400E-06,+415.6250000001E+00,+4.1375000000E+00,+406.5625000000E+00
-4.4400E-06,+412.4999999999E+00,+4.1437500000E+00,+406.5625000000E+00
-4.3400E-06,+415.6250000001E+00,+4.1375000000E+00,+407.5000000000E+00
-4.2400E-06,+168.7499999982E+00,+3.9750000000E+00,+408.1250000000E+00
-4.1400E-06,+0.0E+00,+3.5187500000E+00,+407.1875000000E+00
-4.0400E-06,+0.0E+00,+4.1250000000E+00,+405.6250000000E+00
-3.9400E-06,+0.0E+00,+4.1812500000E+00,+405.9375000000E+00
-3.8400E-06,-9.3750000001E+00,+4.4250000000E+00,+406.5625000000E+00
-3.7400E-06,-15.6250000000E+00,+4.3062500000E+00,+406.5625000000E+00
-3.6400E-06,-15.6250000000E+00,+4.1187500000E+00,+406.5625000000E+00
-3.5400E-06,-6.2499999999E+00,+4.0687500000E+00,+405.6250000000E+00
-3.4400E-06,+0.0E+00,+4.0250000000E+00,+405.9375000000E+00
-3.3400E-06,-9.3750000001E+00,+3.9312500000E+00,+405.6250000000E+00
-3.2400E-06,-6.2499999999E+00,+4.0312500000E+00,+405.9375000000E+00
-3.1400E-06,-9.3750000001E+00,+4.0437500000E+00,+406.5625000000E+00
-3.0400E-06,-15.6250000000E+00,+4.0437500000E+00,+406.5625000000E+00
-2.9400E-06,-6.2499999999E+00,+4.1312500000E+00,+405.6250000000E+00
-2.8400E-06,+0.0E+00,+4.0812500000E+00,+404.0625000000E+00
-2.7400E-06,+0.0E+00,+4.1625000000E+00,+405.3125000000E+00
-2.6400E-06,+0.0E+00,+4.0625000000E+00,+405.6250000000E+00
-2.5400E-06,+0.0E+00,+4.0875000000E+00,+404.0625000000E+00
-2.4400E-06,+0.0E+00,+4.0562500000E+00,+404.3750000000E+00
-2.3400E-06,-9.3750000001E+00,+4.0625000000E+00,+405.0000000000E+00
-2.2400E-06,-15.6250000000E+00,+4.0687500000E+00,+405.9375000000E+00
-2.1400E-06,-6.2499999999E+00,+4.0687500000E+00,+405.6250000000E+00
-2.0400E-06,-9.3750000001E+00,+4.0750000000E+00,+405.0000000000E+00
-1.9400E-06,-6.2499999999E+00,+4.0437500000E+00,+405.0000000000E+00
-1.8400E-06,+0.0E+00,+4.0875000000E+00,+405.0000000000E+00
-1.7400E-06,+0.0E+00,+4.0687500000E+00,+405.0000000000E+00
-1.6400E-06,+0.0E+00,+4.0687500000E+00,+404.0625000000E+00
-1.5400E-06,-9.3750000001E+00,+4.0562500000E+00,+404.3750000000E+00
-1.4400E-06,-6.2499999999E+00,+4.1062500000E+00,+405.0000000000E+00
-1.3400E-06,-9.3750000001E+00,+4.0812500000E+00,+405.0000000000E+00
-1.2400E-06,-6.2499999999E+00,+4.0687500000E+00,+405.0000000000E+00
-1.1400E-06,-9.3750000001E+00,+4.0937500000E+00,+404.0625000000E+00
-1.0400E-06,-6.2499999999E+00,+4.0750000000E+00,+404.3750000000E+00
-940.0E-09,+0.0E+00,+4.0812500000E+00,+405.0000000000E+00
-840.0E-09,+0.0E+00,+4.0750000000E+00,+405.0000000000E+00
-740.0E-09,+0.0E+00,+4.1000000000E+00,+405.0000000000E+00
-640.0E-09,+18.7500000001E+00,+4.0875000000E+00,+404.0625000000E+00
-540.0E-09,+40.6250000001E+00,+4.0812500000E+00,+403.4375000000E+00
-440.0E-09,+75.0000000002E+00,+4.0750000000E+00,+404.3750000000E+00
-340.0E-09,+121.8750000002E+00,+4.0625000000E+00,+405.0000000000E+00
-240.0E-09,+168.7500000002E+00,+4.0625000000E+00,+405.0000000000E+00
-140.0E-09,+215.6250000002E+00,+4.0812500000E+00,+405.0000000000E+00
-40.0E-09,+271.8750000003E+00,+4.0937500000E+00,+405.0000000000E+00
+60.0E-09,+315.6250000001E+00,+4.0937500000E+00,+405.0000000000E+00
+160.0E-09,+375.0000000003E+00,+4.0750000000E+00,+405.0000000000E+00
+260.0E-09,+406.2500000000E+00,+4.0625000000E+00,+406.8750000000E+00
+360.0E-09,+415.6250000001E+00,+4.0437500000E+00,+408.1250000000E+00
+460.0E-09,+421.8750000000E+00,+4.0687500000E+00,+410.0000000000E+00
+560.0E-09,+421.8750000000E+00,+4.0750000000E+00,+411.2500000000E+00
+660.0E-09,+421.8750000000E+00,+4.0812500000E+00,+411.2500000000E+00
+760.0E-09,+412.4999999999E+00,+4.0937500000E+00,+410.3125000000E+00
+860.0E-09,+415.6250000001E+00,+4.0937500000E+00,+410.6250000000E+00
+960.0E-09,+431.2500000001E+00,+4.0937500000E+00,+411.2500000000E+00
+1.0600E-06,+428.1249999999E+00,+4.1125000000E+00,+412.1875000000E+00
+1.1600E-06,+412.4999999999E+00,+4.1250000000E+00,+410.9375000000E+00
+1.2600E-06,+415.6250000001E+00,+4.1437500000E+00,+410.6250000000E+00
+1.3600E-06,+412.4999999999E+00,+4.1562500000E+00,+412.1875000000E+00
+1.4600E-06,+415.6250000001E+00,+4.1562500000E+00,+412.8125000000E+00
+1.5600E-06,+421.8750000000E+00,+4.1562500000E+00,+412.8125000000E+00
+1.6600E-06,+421.8750000000E+00,+4.1750000000E+00,+412.8125000000E+00
+1.7600E-06,+421.8750000000E+00,+4.2062500000E+00,+412.8125000000E+00
+1.8600E-06,+421.8750000000E+00,+4.2000000000E+00,+412.8125000000E+00
+1.9600E-06,+421.8750000000E+00,+4.2062500000E+00,+411.8750000000E+00
+2.0600E-06,+421.8750000000E+00,+4.2187500000E+00,+412.1875000000E+00
+2.1600E-06,+421.8750000000E+00,+4.2187500000E+00,+412.8125000000E+00
+2.2600E-06,+421.8750000000E+00,+4.2187500000E+00,+412.8125000000E+00
+2.3600E-06,+421.8750000000E+00,+4.2187500000E+00,+412.8125000000E+00
+2.4600E-06,+421.8750000000E+00,+4.2562500000E+00,+411.8750000000E+00
+2.5600E-06,+421.8750000000E+00,+4.2437500000E+00,+412.1875000000E+00
+2.6600E-06,+421.8750000000E+00,+4.2562500000E+00,+412.8125000000E+00
+2.7600E-06,+421.8750000000E+00,+4.2437500000E+00,+413.7500000000E+00
+2.8600E-06,+431.2500000001E+00,+4.2187500000E+00,+413.4375000000E+00
+2.9600E-06,+428.1249999999E+00,+4.2187500000E+00,+411.8750000000E+00
+3.0600E-06,+421.8750000000E+00,+4.2375000000E+00,+412.1875000000E+00
+3.1600E-06,+421.8750000000E+00,+4.2312500000E+00,+412.8125000000E+00
+3.2600E-06,+421.8750000000E+00,+4.2187500000E+00,+411.8750000000E+00
+3.3600E-06,+421.8750000000E+00,+4.2562500000E+00,+411.2500000000E+00
+3.4600E-06,+421.8750000000E+00,+4.2625000000E+00,+412.1875000000E+00
+3.5600E-06,+421.8750000000E+00,+4.2312500000E+00,+412.8125000000E+00
+3.6600E-06,+421.8750000000E+00,+4.2375000000E+00,+412.8125000000E+00
+3.7600E-06,+421.8750000000E+00,+4.2312500000E+00,+411.8750000000E+00
+3.8600E-06,+421.8750000000E+00,+4.2187500000E+00,+411.2500000000E+00
+3.9600E-06,+412.4999999999E+00,+4.2187500000E+00,+412.1875000000E+00
+4.0600E-06,+415.6250000001E+00,+4.2375000000E+00,+412.8125000000E+00
+4.1600E-06,+412.4999999999E+00,+4.2312500000E+00,+411.8750000000E+00
+4.2600E-06,+415.6250000001E+00,+4.2187500000E+00,+412.1875000000E+00
+4.3600E-06,+421.8750000000E+00,+4.2187500000E+00,+411.8750000000E+00
+4.4600E-06,+421.8750000000E+00,+4.2375000000E+00,+411.2500000000E+00
+4.5600E-06,+412.4999999999E+00,+4.2500000000E+00,+411.2500000000E+00
+4.6600E-06,+406.2500000000E+00,+4.2500000000E+00,+412.1875000000E+00
+4.7600E-06,+406.2500000000E+00,+4.2312500000E+00,+410.9375000000E+00
+4.8600E-06,+425.0000000001E+00,+4.2375000000E+00,+410.6250000000E+00
+4.9600E-06,+418.7499999999E+00,+4.2500000000E+00,+411.2500000000E+00
+5.0600E-06,+415.6250000001E+00,+4.2312500000E+00,+411.2500000000E+00
+5.1600E-06,+412.4999999999E+00,+4.2187500000E+00,+411.2500000000E+00
+5.2600E-06,+415.6250000001E+00,+4.2562500000E+00,+411.2500000000E+00
+5.3600E-06,+412.4999999999E+00,+4.2625000000E+00,+410.3125000000E+00
+5.4600E-06,+415.6250000001E+00,+4.2500000000E+00,+409.6875000000E+00
+5.5600E-06,+412.4999999999E+00,+4.2500000000E+00,+409.6875000000E+00
+5.6600E-06,+415.6250000001E+00,+4.2312500000E+00,+409.6875000000E+00
+5.7600E-06,+412.4999999999E+00,+4.2187500000E+00,+409.6875000000E+00
+5.8600E-06,+396.8749999999E+00,+4.2375000000E+00,+409.6875000000E+00
+5.9600E-06,+400.0000000001E+00,+4.2687500000E+00,+409.6875000000E+00
+6.0600E-06,+406.2500000000E+00,+4.2625000000E+00,+409.6875000000E+00
+6.1600E-06,+406.2500000000E+00,+4.2312500000E+00,+409.6875000000E+00
+6.2600E-06,+415.6250000001E+00,+4.2375000000E+00,+409.6875000000E+00
+6.3600E-06,+421.8750000000E+00,+4.2312500000E+00,+409.6875000000E+00
+6.4600E-06,+421.8750000000E+00,+4.2187500000E+00,+409.6875000000E+00
+6.5600E-06,+412.4999999999E+00,+4.2187500000E+00,+409.6875000000E+00
+6.6600E-06,+415.6250000001E+00,+4.2187500000E+00,+409.6875000000E+00
+6.7600E-06,+421.8750000000E+00,+4.2187500000E+00,+409.6875000000E+00
+6.8600E-06,+421.8750000000E+00,+4.2375000000E+00,+408.7500000000E+00
+6.9600E-06,+412.4999999999E+00,+4.2312500000E+00,+409.0625000000E+00
+7.0600E-06,+415.6250000001E+00,+4.2187500000E+00,+410.6250000000E+00
+7.1600E-06,+412.4999999999E+00,+4.2187500000E+00,+409.3750000000E+00
+7.2600E-06,+396.8749999999E+00,+4.2187500000E+00,+408.1250000000E+00
+7.3600E-06,+400.0000000001E+00,+4.2187500000E+00,+408.1250000000E+00
+7.4600E-06,+415.6250000001E+00,+4.2375000000E+00,+408.1250000000E+00
+7.5600E-06,+421.8750000000E+00,+4.2312500000E+00,+409.0625000000E+00
+7.6600E-06,+421.8750000000E+00,+4.2187500000E+00,+409.6875000000E+00
+7.7600E-06,+421.8750000000E+00,+4.2187500000E+00,+408.7500000000E+00
+7.8600E-06,+412.4999999999E+00,+4.2375000000E+00,+409.0625000000E+00
+7.9600E-06,+406.2500000000E+00,+4.2312500000E+00,+409.6875000000E+00
+8.0600E-06,+415.6250000001E+00,+4.2187500000E+00,+408.7500000000E+00
+8.1600E-06,+431.2500000001E+00,+4.2187500000E+00,+408.1250000000E+00
+8.2600E-06,+418.7499999999E+00,+4.2000000000E+00,+408.1250000000E+00
+8.3600E-06,+406.2500000000E+00,+4.2062500000E+00,+408.1250000000E+00
+8.4600E-06,+415.6250000001E+00,+4.2187500000E+00,+408.1250000000E+00
+8.5600E-06,+412.4999999999E+00,+4.2187500000E+00,+408.1250000000E+00
+8.6600E-06,+415.6250000001E+00,+4.2000000000E+00,+408.1250000000E+00
+8.7600E-06,+421.8750000000E+00,+4.2062500000E+00,+408.1250000000E+00
+8.8600E-06,+421.8750000000E+00,+4.2000000000E+00,+409.0625000000E+00
+8.9600E-06,+412.4999999999E+00,+4.2062500000E+00,+408.7500000000E+00
+9.0600E-06,+406.2500000000E+00,+4.1812500000E+00,+408.1250000000E+00
+9.1600E-06,+406.2500000000E+00,+4.1937500000E+00,+407.1875000000E+00
+9.2600E-06,+406.2500000000E+00,+4.2000000000E+00,+407.5000000000E+00
+9.3600E-06,+406.2500000000E+00,+4.2062500000E+00,+407.1875000000E+00
+9.4600E-06,+415.6250000001E+00,+4.2000000000E+00,+407.5000000000E+00
+9.5600E-06,+412.4999999999E+00,+4.1875000000E+00,+408.1250000000E+00
+9.6600E-06,+406.2500000000E+00,+4.1875000000E+00,+407.1875000000E+00
+9.7600E-06,+415.6250000001E+00,+4.1687500000E+00,+407.5000000000E+00
+9.8600E-06,+412.4999999999E+00,+4.1562500000E+00,+408.1250000000E+00
+9.9600E-06,+406.2500000000E+00,+4.1562500000E+00,+407.1875000000E+00
+10.0600E-06,+406.2500000000E+00,+4.1750000000E+00,+407.5000000000E+00
+10.1600E-06,+406.2500000000E+00,+4.1875000000E+00,+407.1875000000E+00
+10.2600E-06,+406.2500000000E+00,+4.1687500000E+00,+406.5625000000E+00
+10.3600E-06,+406.2500000000E+00,+4.1562500000E+00,+406.5625000000E+00
+10.4600E-06,+415.6250000001E+00,+4.1562500000E+00,+406.5625000000E+00
+10.5600E-06,+412.4999999999E+00,+4.1562500000E+00,+406.5625000000E+00
+10.6600E-06,+406.2500000000E+00,+4.1562500000E+00,+406.5625000000E+00
+10.7600E-06,+406.2500000000E+00,+4.1562500000E+00,+407.5000000000E+00
+10.8600E-06,+406.2500000000E+00,+4.1562500000E+00,+407.1875000000E+00
+10.9600E-06,+406.2500000000E+00,+4.1562500000E+00,+406.5625000000E+00
+11.0600E-06,+415.6250000001E+00,+4.1750000000E+00,+407.5000000000E+00
+11.1600E-06,+421.8750000000E+00,+4.1500000000E+00,+406.2500000000E+00
+11.2600E-06,+412.4999999999E+00,+4.1250000000E+00,+405.9375000000E+00
+11.3600E-06,+162.4999999982E+00,+3.9562500000E+00,+406.5625000000E+00
+11.4600E-06,+0.0E+00,+3.4875000000E+00,+407.5000000000E+00
+11.5600E-06,+0.0E+00,+4.1125000000E+00,+406.2500000000E+00
+11.6600E-06,-9.3750000001E+00,+4.2000000000E+00,+405.9375000000E+00
+11.7600E-06,-6.2499999999E+00,+4.4187500000E+00,+405.6250000000E+00
+11.8600E-06,+0.0E+00,+4.3125000000E+00,+405.9375000000E+00
+11.9600E-06,-9.3750000001E+00,+4.1312500000E+00,+405.6250000000E+00
+12.0600E-06,-15.6250000000E+00,+4.0875000000E+00,+405.9375000000E+00
+12.1600E-06,-15.6250000000E+00,+4.0375000000E+00,+406.5625000000E+00
+12.2600E-06,-15.6250000000E+00,+3.9500000000E+00,+407.5000000000E+00
+12.3600E-06,-15.6250000000E+00,+4.0437500000E+00,+406.2500000000E+00
+12.4600E-06,-15.6250000000E+00,+4.0250000000E+00,+405.9375000000E+00
+12.5600E-06,-6.2499999999E+00,+4.0312500000E+00,+406.5625000000E+00
+12.6600E-06,+0.0E+00,+4.1500000000E+00,+405.6250000000E+00
+12.7600E-06,+0.0E+00,+4.0937500000E+00,+405.9375000000E+00
+12.8600E-06,+0.0E+00,+4.1437500000E+00,+405.6250000000E+00
+12.9600E-06,+0.0E+00,+4.0687500000E+00,+405.0000000000E+00
+13.0600E-06,-9.3750000001E+00,+4.1187500000E+00,+405.0000000000E+00
+13.1600E-06,-6.2499999999E+00,+4.0687500000E+00,+405.0000000000E+00
+13.2600E-06,-9.3750000001E+00,+4.0625000000E+00,+405.0000000000E+00
+13.3600E-06,-6.2499999999E+00,+4.0687500000E+00,+405.0000000000E+00
+13.4600E-06,-9.3750000001E+00,+4.0500000000E+00,+405.0000000000E+00
+13.5600E-06,-15.6250000000E+00,+4.0625000000E+00,+405.0000000000E+00
+13.6600E-06,-15.6250000000E+00,+4.0625000000E+00,+404.0625000000E+00
+13.7600E-06,-6.2499999999E+00,+4.0812500000E+00,+404.3750000000E+00
+13.8600E-06,+0.0E+00,+4.0375000000E+00,+405.0000000000E+00
+13.9600E-06,+0.0E+00,+4.0562500000E+00,+405.9375000000E+00
+14.0600E-06,-9.3750000001E+00,+4.0562500000E+00,+405.6250000000E+00
+14.1600E-06,-6.2499999999E+00,+4.0500000000E+00,+405.0000000000E+00
+14.2600E-06,+0.0E+00,+4.0437500000E+00,+405.0000000000E+00
+14.3600E-06,+0.0E+00,+4.0500000000E+00,+405.0000000000E+00
+14.4600E-06,+0.0E+00,+4.0812500000E+00,+405.0000000000E+00
+14.5600E-06,+0.0E+00,+4.0750000000E+00,+405.0000000000E+00
+14.6600E-06,-9.3750000001E+00,+4.0812500000E+00,+405.0000000000E+00
+14.7600E-06,-6.2499999999E+00,+4.0562500000E+00,+405.0000000000E+00
+14.8600E-06,+0.0E+00,+4.0687500000E+00,+405.0000000000E+00
+14.9600E-06,+18.7500000001E+00,+4.0562500000E+00,+405.0000000000E+00
+15.0600E-06,+50.0000000001E+00,+4.0687500000E+00,+405.0000000000E+00
+15.1600E-06,+81.2500000001E+00,+4.0562500000E+00,+405.0000000000E+00
+15.2600E-06,+112.5000000001E+00,+4.0500000000E+00,+404.0625000000E+00
+15.3600E-06,+162.5000000003E+00,+4.0812500000E+00,+404.3750000000E+00
+15.4600E-06,+215.6250000002E+00,+4.0937500000E+00,+405.0000000000E+00
+15.5600E-06,+262.5000000002E+00,+4.0750000000E+00,+405.0000000000E+00
+15.6600E-06,+309.3750000002E+00,+4.1000000000E+00,+405.0000000000E+00
+15.7600E-06,+375.0000000004E+00,+4.1062500000E+00,+405.0000000000E+00
+15.8600E-06,+415.6250000001E+00,+4.0937500000E+00,+407.8125000000E+00
+15.9600E-06,+412.4999999999E+00,+4.0750000000E+00,+409.6875000000E+00
+16.0600E-06,+415.6250000001E+00,+4.0625000000E+00,+409.6875000000E+00
+16.1600E-06,+421.8750000000E+00,+4.0625000000E+00,+410.6250000000E+00
+16.2600E-06,+421.8750000000E+00,+4.0812500000E+00,+411.2500000000E+00
+16.3600E-06,+412.4999999999E+00,+4.0937500000E+00,+410.3125000000E+00
+16.4600E-06,+415.6250000001E+00,+4.1125000000E+00,+410.6250000000E+00
+16.5600E-06,+412.4999999999E+00,+4.1437500000E+00,+411.2500000000E+00
+16.6600E-06,+415.6250000001E+00,+4.1562500000E+00,+411.2500000000E+00
+16.7600E-06,+412.4999999999E+00,+4.1562500000E+00,+411.2500000000E+00
+16.8600E-06,+415.6250000001E+00,+4.1562500000E+00,+412.1875000000E+00
+16.9600E-06,+431.2500000001E+00,+4.1562500000E+00,+412.8125000000E+00
+17.0600E-06,+428.1249999999E+00,+4.1562500000E+00,+412.8125000000E+00
+17.1600E-06,+421.8750000000E+00,+4.1562500000E+00,+412.8125000000E+00
+17.2600E-06,+421.8750000000E+00,+4.1750000000E+00,+412.8125000000E+00
+17.3600E-06,+412.4999999999E+00,+4.1687500000E+00,+411.8750000000E+00
+17.4600E-06,+406.2500000000E+00,+4.1562500000E+00,+412.1875000000E+00
+17.5600E-06,+415.6250000001E+00,+4.1937500000E+00,+412.8125000000E+00
+17.6600E-06,+421.8750000000E+00,+4.2000000000E+00,+412.8125000000E+00
+17.7600E-06,+421.8750000000E+00,+4.1875000000E+00,+412.8125000000E+00
+17.8600E-06,+421.8750000000E+00,+4.2250000000E+00,+412.8125000000E+00
+17.9600E-06,+412.4999999999E+00,+4.2312500000E+00,+413.7500000000E+00
+18.0600E-06,+415.6250000001E+00,+4.2000000000E+00,+413.4375000000E+00
+18.1600E-06,+421.8750000000E+00,+4.2062500000E+00,+412.8125000000E+00
+18.2600E-06,+412.4999999999E+00,+4.2375000000E+00,+412.8125000000E+00
+18.3600E-06,+406.2500000000E+00,+4.2312500000E+00,+413.7500000000E+00
+18.4600E-06,+406.2500000000E+00,+4.2375000000E+00,+413.4375000000E+00
+18.5600E-06,+406.2500000000E+00,+4.2312500000E+00,+412.8125000000E+00
+18.6600E-06,+415.6250000001E+00,+4.2187500000E+00,+413.7500000000E+00
+18.7600E-06,+421.8750000000E+00,+4.2187500000E+00,+412.5000000000E+00
+18.8600E-06,+421.8750000000E+00,+4.2562500000E+00,+412.1875000000E+00
+18.9600E-06,+412.4999999999E+00,+4.2625000000E+00,+412.8125000000E+00
+19.0600E-06,+415.6250000001E+00,+4.2500000000E+00,+412.8125000000E+00
+19.1600E-06,+421.8750000000E+00,+4.2312500000E+00,+412.8125000000E+00
+19.2600E-06,+421.8750000000E+00,+4.2375000000E+00,+411.8750000000E+00
+19.3600E-06,+421.8750000000E+00,+4.2500000000E+00,+412.1875000000E+00
+19.4600E-06,+421.8750000000E+00,+4.2500000000E+00,+412.8125000000E+00
+19.5600E-06,+421.8750000000E+00,+4.2687500000E+00,+411.8750000000E+00
+19.6600E-06,+421.8750000000E+00,+4.2625000000E+00,+412.1875000000E+00
+19.7600E-06,+412.4999999999E+00,+4.2500000000E+00,+412.8125000000E+00
+19.8600E-06,+415.6250000001E+00,+4.2500000000E+00,+411.8750000000E+00
+19.9600E-06,+421.8750000000E+00,+4.2500000000E+00,+411.2500000000E+00
+20.0600E-06,+421.8750000000E+00,+4.2312500000E+00,+411.2500000000E+00
+20.1600E-06,+421.8750000000E+00,+4.2562500000E+00,+411.2500000000E+00
+20.2600E-06,+421.8750000000E+00,+4.2625000000E+00,+411.2500000000E+00
+20.3600E-06,+412.4999999999E+00,+4.2312500000E+00,+411.2500000000E+00
+20.4600E-06,+406.2500000000E+00,+4.2562500000E+00,+411.2500000000E+00
+20.5600E-06,+406.2500000000E+00,+4.2625000000E+00,+411.2500000000E+00
+20.6600E-06,+406.2500000000E+00,+4.2312500000E+00,+411.2500000000E+00
+20.7600E-06,+415.6250000001E+00,+4.2187500000E+00,+410.3125000000E+00
+20.8600E-06,+421.8750000000E+00,+4.2187500000E+00,+410.6250000000E+00
+20.9600E-06,+412.4999999999E+00,+4.2187500000E+00,+410.3125000000E+00
+21.0600E-06,+406.2500000000E+00,+4.2562500000E+00,+409.6875000000E+00
+21.1600E-06,+406.2500000000E+00,+4.2625000000E+00,+409.6875000000E+00
+21.2600E-06,+406.2500000000E+00,+4.2312500000E+00,+409.6875000000E+00
+21.3600E-06,+406.2500000000E+00,+4.2187500000E+00,+409.6875000000E+00
+21.4600E-06,+415.6250000001E+00,+4.2375000000E+00,+409.6875000000E+00
+21.5600E-06,+412.4999999999E+00,+4.2125000000E+00,+409.6875000000E+00
+21.6600E-06,+415.6250000001E+00,+4.2062500000E+00,+410.6250000000E+00
+21.7600E-06,+412.4999999999E+00,+4.2187500000E+00,+410.3125000000E+00
+21.8600E-06,+415.6250000001E+00,+4.2187500000E+00,+409.6875000000E+00
+21.9600E-06,+412.4999999999E+00,+4.2187500000E+00,+409.6875000000E+00
+22.0600E-06,+406.2500000000E+00,+4.2375000000E+00,+409.6875000000E+00
+22.1600E-06,+415.6250000001E+00,+4.2312500000E+00,+408.7500000000E+00
+22.2600E-06,+421.8750000000E+00,+4.2375000000E+00,+408.1250000000E+00
+22.3600E-06,+421.8750000000E+00,+4.2312500000E+00,+409.0625000000E+00
+22.4600E-06,+412.4999999999E+00,+4.2375000000E+00,+409.6875000000E+00
+22.5600E-06,+415.6250000001E+00,+4.2312500000E+00,+408.7500000000E+00
+22.6600E-06,+412.4999999999E+00,+4.2187500000E+00,+409.0625000000E+00
+22.7600E-06,+406.2500000000E+00,+4.2187500000E+00,+409.6875000000E+00
+22.8600E-06,+415.6250000001E+00,+4.2187500000E+00,+409.6875000000E+00
+22.9600E-06,+421.8750000000E+00,+4.2187500000E+00,+408.7500000000E+00
+23.0600E-06,+412.4999999999E+00,+4.2187500000E+00,+409.0625000000E+00
+23.1600E-06,+406.2500000000E+00,+4.2187500000E+00,+409.6875000000E+00
+23.2600E-06,+406.2500000000E+00,+4.2187500000E+00,+409.6875000000E+00
+23.3600E-06,+406.2500000000E+00,+4.2187500000E+00,+409.6875000000E+00
+23.4600E-06,+406.2500000000E+00,+4.2000000000E+00,+409.6875000000E+00
+23.5600E-06,+406.2500000000E+00,+4.2062500000E+00,+409.6875000000E+00
+23.6600E-06,+406.2500000000E+00,+4.2187500000E+00,+408.7500000000E+00
+23.7600E-06,+415.6250000001E+00,+4.2000000000E+00,+408.1250000000E+00
+23.8600E-06,+421.8750000000E+00,+4.1687500000E+00,+408.1250000000E+00
+23.9600E-06,+412.4999999999E+00,+4.1937500000E+00,+408.1250000000E+00
+24.0600E-06,+406.2500000000E+00,+4.2187500000E+00,+408.1250000000E+00
+24.1600E-06,+415.6250000001E+00,+4.2187500000E+00,+408.1250000000E+00
+24.2600E-06,+421.8750000000E+00,+4.2000000000E+00,+409.0625000000E+00
+24.3600E-06,+412.4999999999E+00,+4.2062500000E+00,+408.7500000000E+00
+24.4600E-06,+406.2500000000E+00,+4.2000000000E+00,+409.0625000000E+00
+24.5600E-06,+406.2500000000E+00,+4.1687500000E+00,+408.7500000000E+00
+24.6600E-06,+406.2500000000E+00,+4.1750000000E+00,+408.1250000000E+00
+24.7600E-06,+406.2500000000E+00,+4.2062500000E+00,+408.1250000000E+00
+24.8600E-06,+415.6250000001E+00,+4.2000000000E+00,+408.1250000000E+00
+24.9600E-06,+421.8750000000E+00,+4.1875000000E+00,+409.0625000000E+00
+25.0600E-06,+412.4999999999E+00,+4.1875000000E+00,+408.7500000000E+00
+25.1600E-06,+406.2500000000E+00,+4.1687500000E+00,+407.1875000000E+00
+25.2600E-06,+415.6250000001E+00,+4.1750000000E+00,+407.5000000000E+00
+25.3600E-06,+412.4999999999E+00,+4.1687500000E+00,+408.1250000000E+00
+25.4600E-06,+406.2500000000E+00,+4.1937500000E+00,+408.1250000000E+00
+25.5600E-06,+415.6250000001E+00,+4.1812500000E+00,+407.1875000000E+00
+25.6600E-06,+412.4999999999E+00,+4.1750000000E+00,+407.5000000000E+00
+25.7600E-06,+406.2500000000E+00,+4.1687500000E+00,+407.1875000000E+00
+25.8600E-06,+396.8749999999E+00,+4.1750000000E+00,+407.5000000000E+00
+25.9600E-06,+400.0000000001E+00,+4.1687500000E+00,+408.1250000000E+00
+26.0600E-06,+406.2500000000E+00,+4.1562500000E+00,+407.1875000000E+00
+26.1600E-06,+406.2500000000E+00,+4.1562500000E+00,+407.5000000000E+00
+26.2600E-06,+406.2500000000E+00,+4.1750000000E+00,+408.1250000000E+00
+26.3600E-06,+406.2500000000E+00,+4.1875000000E+00,+406.2500000000E+00
+26.4600E-06,+415.6250000001E+00,+4.1500000000E+00,+406.8750000000E+00
+26.5600E-06,+412.4999999999E+00,+4.1437500000E+00,+407.1875000000E+00
+26.6600E-06,+406.2500000000E+00,+4.1375000000E+00,+405.6250000000E+00
+26.7600E-06,+406.2500000000E+00,+4.1437500000E+00,+405.9375000000E+00
+26.8600E-06,+406.2500000000E+00,+4.1562500000E+00,+406.5625000000E+00
+26.9600E-06,+162.4999999986E+00,+3.9500000000E+00,+406.5625000000E+00
+27.0600E-06,+0.0E+00,+3.4562500000E+00,+406.5625000000E+00
+27.1600E-06,+0.0E+00,+4.0812500000E+00,+406.5625000000E+00
+27.2600E-06,-9.3750000001E+00,+4.2250000000E+00,+406.5625000000E+00
+27.3600E-06,-6.2499999999E+00,+4.3687500000E+00,+406.5625000000E+00
+27.4600E-06,+0.0E+00,+4.3187500000E+00,+405.6250000000E+00
+27.5600E-06,-9.3750000001E+00,+4.1500000000E+00,+405.9375000000E+00
+27.6600E-06,-15.6250000000E+00,+4.0750000000E+00,+406.5625000000E+00
+27.7600E-06,-15.6250000000E+00,+4.0375000000E+00,+406.5625000000E+00
+27.8600E-06,-15.6250000000E+00,+3.9500000000E+00,+405.6250000000E+00
+27.9600E-06,-15.6250000000E+00,+4.0437500000E+00,+405.9375000000E+00
+28.0600E-06,-15.6250000000E+00,+4.0437500000E+00,+406.5625000000E+00
+28.1600E-06,-15.6250000000E+00,+4.0250000000E+00,+405.6250000000E+00
+28.2600E-06,-15.6250000000E+00,+4.1375000000E+00,+405.0000000000E+00
+28.3600E-06,-15.6250000000E+00,+4.0562500000E+00,+405.9375000000E+00
+28.4600E-06,-15.6250000000E+00,+4.1187500000E+00,+404.6875000000E+00
+28.5600E-06,-6.2499999999E+00,+4.0687500000E+00,+405.3125000000E+00
+28.6600E-06,+0.0E+00,+4.1187500000E+00,+405.6250000000E+00
+28.7600E-06,+0.0E+00,+4.0500000000E+00,+405.0000000000E+00
+28.8600E-06,-9.3750000001E+00,+4.0687500000E+00,+405.0000000000E+00
+28.9600E-06,-15.6250000000E+00,+4.0812500000E+00,+405.0000000000E+00
+29.0600E-06,-15.6250000000E+00,+4.0687500000E+00,+405.0000000000E+00
+29.1600E-06,-6.2499999999E+00,+4.0750000000E+00,+405.0000000000E+00
+29.2600E-06,+0.0E+00,+4.0437500000E+00,+405.0000000000E+00
+29.3600E-06,-9.3750000001E+00,+4.0687500000E+00,+405.0000000000E+00
+29.4600E-06,-6.2499999999E+00,+4.0750000000E+00,+405.0000000000E+00
+29.5600E-06,+0.0E+00,+4.1187500000E+00,+404.0625000000E+00
+29.6600E-06,+0.0E+00,+4.1000000000E+00,+404.3750000000E+00
+29.7600E-06,-9.3750000001E+00,+4.0812500000E+00,+405.0000000000E+00
+29.8600E-06,-6.2499999999E+00,+4.0750000000E+00,+405.0000000000E+00
+29.9600E-06,+0.0E+00,+4.0625000000E+00,+405.0000000000E+00
+30.0600E-06,-9.3750000000E+00,+4.0625000000E+00,+405.0000000000E+00
+30.1600E-06,-15.6250000000E+00,+4.0625000000E+00,+405.0000000000E+00
+30.2600E-06,-6.2500000000E+00,+4.0812500000E+00,+404.0625000000E+00
+30.3600E-06,+0.0E+00,+4.0750000000E+00,+404.3750000000E+00
+30.4600E-06,+0.0E+00,+4.0812500000E+00,+404.0625000000E+00
+30.5600E-06,+9.3750000000E+00,+4.0750000000E+00,+404.3750000000E+00
+30.6600E-06,+43.7500000001E+00,+4.0812500000E+00,+405.0000000000E+00
+30.7600E-06,+90.6250000001E+00,+4.0750000000E+00,+404.0625000000E+00
+30.8600E-06,+128.1250000001E+00,+4.0812500000E+00,+403.4375000000E+00
+30.9600E-06,+178.1250000002E+00,+4.0750000000E+00,+404.3750000000E+00
+31.0600E-06,+221.8750000001E+00,+4.0437500000E+00,+405.0000000000E+00
+31.1600E-06,+271.8750000002E+00,+4.0687500000E+00,+405.0000000000E+00
+31.2600E-06,+325.0000000002E+00,+4.0750000000E+00,+405.0000000000E+00
+31.3600E-06,+381.2500000002E+00,+4.0625000000E+00,+405.0000000000E+00
+31.4600E-06,+415.6250000001E+00,+4.0625000000E+00,+407.8125000000E+00
+31.5600E-06,+412.4999999999E+00,+4.0437500000E+00,+409.6875000000E+00
+31.6600E-06,+415.6250000001E+00,+4.0687500000E+00,+409.6875000000E+00
+31.7600E-06,+421.8750000000E+00,+4.0750000000E+00,+409.6875000000E+00
+31.8600E-06,+421.8750000000E+00,+4.0812500000E+00,+411.5625000000E+00
+31.9600E-06,+412.4999999999E+00,+4.0937500000E+00,+411.8750000000E+00
+32.0600E-06,+425.0000000001E+00,+4.1125000000E+00,+412.1875000000E+00
+32.1600E-06,+418.7499999999E+00,+4.1250000000E+00,+411.8750000000E+00
+32.2600E-06,+415.6250000001E+00,+4.1437500000E+00,+412.1875000000E+00
+32.3600E-06,+421.8750000000E+00,+4.1562500000E+00,+412.8125000000E+00
+32.4600E-06,+421.8750000000E+00,+4.1750000000E+00,+412.8125000000E+00
+32.5600E-06,+421.8750000000E+00,+4.1687500000E+00,+411.8750000000E+00
+32.6600E-06,+421.8750000000E+00,+4.1750000000E+00,+412.1875000000E+00
+32.7600E-06,+421.8750000000E+00,+4.2062500000E+00,+412.8125000000E+00
+32.8600E-06,+412.4999999999E+00,+4.2000000000E+00,+411.8750000000E+00
+32.9600E-06,+406.2500000000E+00,+4.1875000000E+00,+411.2500000000E+00
+33.0600E-06,+415.6250000001E+00,+4.2062500000E+00,+412.1875000000E+00
+33.1600E-06,+421.8750000000E+00,+4.2187500000E+00,+412.8125000000E+00
+33.2600E-06,+431.2500000001E+00,+4.2000000000E+00,+412.8125000000E+00
+33.3600E-06,+437.5000000000E+00,+4.2062500000E+00,+412.8125000000E+00
+33.4600E-06,+428.1249999999E+00,+4.2000000000E+00,+412.8125000000E+00
+33.5600E-06,+421.8750000000E+00,+4.2062500000E+00,+412.8125000000E+00
+33.6600E-06,+421.8750000000E+00,+4.2187500000E+00,+412.8125000000E+00
+33.7600E-06,+412.4999999999E+00,+4.2375000000E+00,+412.8125000000E+00
+33.8600E-06,+415.6250000001E+00,+4.2125000000E+00,+412.8125000000E+00
+33.9600E-06,+421.8750000000E+00,+4.2250000000E+00,+413.7500000000E+00
+34.0600E-06,+421.8750000000E+00,+4.2312500000E+00,+413.4375000000E+00
+34.1600E-06,+431.2500000001E+00,+4.2375000000E+00,+412.8125000000E+00
+34.2600E-06,+428.1249999999E+00,+4.2500000000E+00,+412.8125000000E+00
+34.3600E-06,+412.4999999999E+00,+4.2500000000E+00,+412.8125000000E+00
+34.4600E-06,+415.6250000001E+00,+4.2500000000E+00,+412.8125000000E+00
+34.5600E-06,+412.4999999999E+00,+4.2312500000E+00,+412.8125000000E+00
+34.6600E-06,+415.6250000001E+00,+4.2375000000E+00,+412.8125000000E+00
+34.7600E-06,+421.8750000000E+00,+4.2500000000E+00,+411.8750000000E+00
+34.8600E-06,+421.8750000000E+00,+4.2312500000E+00,+412.1875000000E+00
+34.9600E-06,+421.8750000000E+00,+4.2187500000E+00,+411.8750000000E+00
+35.0600E-06,+421.8750000000E+00,+4.2375000000E+00,+412.1875000000E+00
+35.1600E-06,+412.4999999999E+00,+4.2500000000E+00,+411.8750000000E+00
+35.2600E-06,+415.6250000001E+00,+4.2500000000E+00,+411.2500000000E+00
+35.3600E-06,+412.4999999999E+00,+4.2500000000E+00,+411.2500000000E+00
+35.4600E-06,+406.2500000000E+00,+4.2687500000E+00,+411.2500000000E+00
+35.5600E-06,+406.2500000000E+00,+4.2625000000E+00,+411.2500000000E+00
+35.6600E-06,+415.6250000001E+00,+4.2500000000E+00,+411.2500000000E+00
+35.7600E-06,+412.4999999999E+00,+4.2500000000E+00,+410.3125000000E+00
+35.8600E-06,+406.2500000000E+00,+4.2687500000E+00,+410.6250000000E+00
+35.9600E-06,+415.6250000001E+00,+4.2625000000E+00,+411.2500000000E+00
+36.0600E-06,+412.4999999999E+00,+4.2687500000E+00,+410.3125000000E+00
+36.1600E-06,+406.2500000000E+00,+4.2437500000E+00,+410.6250000000E+00
+36.2600E-06,+406.2500000000E+00,+4.2562500000E+00,+411.2500000000E+00
+36.3600E-06,+415.6250000001E+00,+4.2625000000E+00,+411.2500000000E+00
+36.4600E-06,+412.4999999999E+00,+4.2687500000E+00,+411.2500000000E+00
+36.5600E-06,+406.2500000000E+00,+4.2625000000E+00,+410.3125000000E+00
+36.6600E-06,+406.2500000000E+00,+4.2687500000E+00,+410.6250000000E+00
+36.7600E-06,+406.2500000000E+00,+4.2437500000E+00,+410.3125000000E+00
+36.8600E-06,+415.6250000001E+00,+4.2375000000E+00,+410.6250000000E+00
+36.9600E-06,+412.4999999999E+00,+4.2312500000E+00,+410.3125000000E+00
+37.0600E-06,+406.2500000000E+00,+4.2187500000E+00,+410.6250000000E+00
+37.1600E-06,+406.2500000000E+00,+4.2187500000E+00,+410.3125000000E+00
+37.2600E-06,+415.6250000001E+00,+4.2375000000E+00,+409.6875000000E+00
+37.3600E-06,+412.4999999999E+00,+4.2312500000E+00,+409.6875000000E+00
+37.4600E-06,+415.6250000001E+00,+4.2187500000E+00,+409.6875000000E+00
+37.5600E-06,+412.4999999999E+00,+4.2187500000E+00,+409.6875000000E+00
+37.6600E-06,+415.6250000001E+00,+4.2187500000E+00,+409.6875000000E+00
+37.7600E-06,+421.8750000000E+00,+4.2187500000E+00,+409.6875000000E+00
+37.8600E-06,+412.4999999999E+00,+4.2187500000E+00,+409.6875000000E+00
+37.9600E-06,+406.2500000000E+00,+4.2375000000E+00,+409.6875000000E+00
+38.0600E-06,+415.6250000001E+00,+4.2125000000E+00,+409.6875000000E+00
+38.1600E-06,+412.4999999999E+00,+4.2062500000E+00,+409.6875000000E+00
+38.2600E-06,+406.2500000000E+00,+4.2187500000E+00,+409.6875000000E+00
+38.3600E-06,+406.2500000000E+00,+4.2187500000E+00,+408.7500000000E+00
+38.4600E-06,+415.6250000001E+00,+4.2187500000E+00,+408.1250000000E+00
+38.5600E-06,+412.4999999999E+00,+4.2187500000E+00,+408.1250000000E+00
+38.6600E-06,+415.6250000001E+00,+4.2375000000E+00,+409.0625000000E+00
+38.7600E-06,+412.4999999999E+00,+4.2312500000E+00,+409.6875000000E+00
+38.8600E-06,+415.6250000001E+00,+4.2187500000E+00,+409.6875000000E+00
+38.9600E-06,+412.4999999999E+00,+4.2187500000E+00,+408.7500000000E+00
+39.0600E-06,+415.6250000001E+00,+4.2187500000E+00,+408.1250000000E+00
+39.1600E-06,+421.8750000000E+00,+4.2187500000E+00,+408.1250000000E+00
+39.2600E-06,+421.8750000000E+00,+4.2187500000E+00,+408.1250000000E+00
+39.3600E-06,+412.4999999999E+00,+4.2187500000E+00,+408.1250000000E+00
+39.4600E-06,+415.6250000001E+00,+4.2000000000E+00,+408.1250000000E+00
+39.5600E-06,+412.4999999999E+00,+4.2062500000E+00,+408.1250000000E+00
+39.6600E-06,+406.2500000000E+00,+4.2187500000E+00,+408.1250000000E+00
+39.7600E-06,+406.2500000000E+00,+4.1812500000E+00,+408.1250000000E+00
+39.8600E-06,+415.6250000001E+00,+4.1750000000E+00,+408.1250000000E+00
+39.9600E-06,+421.8750000000E+00,+4.1875000000E+00,+408.1250000000E+00
+40.0600E-06,+421.8750000000E+00,+4.1875000000E+00,+408.1250000000E+00
+40.1600E-06,+412.4999999999E+00,+4.1875000000E+00,+408.1250000000E+00
+40.2600E-06,+406.2500000000E+00,+4.1875000000E+00,+408.1250000000E+00
+40.3600E-06,+406.2500000000E+00,+4.1875000000E+00,+408.1250000000E+00
+40.4600E-06,+406.2500000000E+00,+4.1875000000E+00,+408.1250000000E+00
+40.5600E-06,+406.2500000000E+00,+4.1875000000E+00,+408.1250000000E+00
+40.6600E-06,+406.2500000000E+00,+4.1875000000E+00,+408.1250000000E+00
+40.7600E-06,+406.2500000000E+00,+4.1687500000E+00,+408.1250000000E+00
+40.8600E-06,+406.2500000000E+00,+4.1750000000E+00,+408.1250000000E+00
+40.9600E-06,+406.2500000000E+00,+4.1687500000E+00,+407.1875000000E+00
+41.0600E-06,+415.6250000001E+00,+4.1562500000E+00,+407.5000000000E+00
+41.1600E-06,+412.4999999999E+00,+4.1562500000E+00,+407.1875000000E+00
+41.2600E-06,+406.2500000000E+00,+4.1562500000E+00,+407.5000000000E+00
+41.3600E-06,+406.2500000000E+00,+4.1562500000E+00,+407.1875000000E+00
+41.4600E-06,+406.2500000000E+00,+4.1750000000E+00,+407.5000000000E+00
+41.5600E-06,+406.2500000000E+00,+4.1875000000E+00,+407.1875000000E+00
+41.6600E-06,+406.2500000000E+00,+4.1875000000E+00,+407.5000000000E+00
+41.7600E-06,+406.2500000000E+00,+4.1687500000E+00,+407.1875000000E+00
+41.8600E-06,+415.6250000001E+00,+4.1562500000E+00,+406.5625000000E+00
+41.9600E-06,+412.4999999999E+00,+4.1562500000E+00,+406.5625000000E+00
+42.0600E-06,+406.2500000000E+00,+4.1562500000E+00,+407.5000000000E+00
+42.1600E-06,+406.2500000000E+00,+4.1375000000E+00,+407.1875000000E+00
+42.2600E-06,+406.2500000000E+00,+4.1250000000E+00,+406.5625000000E+00
+42.3600E-06,+406.2500000000E+00,+4.1437500000E+00,+406.5625000000E+00
+42.4600E-06,+415.6250000001E+00,+4.1562500000E+00,+406.5625000000E+00
+42.5600E-06,+168.7499999974E+00,+3.9687500000E+00,+405.6250000000E+00
+42.6600E-06,+0.0E+00,+3.4875000000E+00,+405.9375000000E+00
+42.7600E-06,+0.0E+00,+4.1125000000E+00,+406.5625000000E+00
+42.8600E-06,+0.0E+00,+4.2750000000E+00,+406.5625000000E+00
+42.9600E-06,-9.3750000001E+00,+4.3750000000E+00,+405.6250000000E+00
+43.0600E-06,-15.6250000000E+00,+4.3625000000E+00,+405.0000000000E+00
+43.1600E-06,-15.6250000000E+00,+4.2062500000E+00,+405.9375000000E+00
+43.2600E-06,-15.6250000000E+00,+4.0875000000E+00,+405.6250000000E+00
+43.3600E-06,-6.2499999999E+00,+4.0375000000E+00,+405.9375000000E+00
+43.4600E-06,+0.0E+00,+3.9500000000E+00,+406.5625000000E+00
+43.5600E-06,-9.3750000001E+00,+4.0250000000E+00,+405.6250000000E+00
+43.6600E-06,-6.2499999999E+00,+4.0312500000E+00,+405.9375000000E+00
+43.7600E-06,+0.0E+00,+4.0437500000E+00,+405.6250000000E+00
+43.8600E-06,+0.0E+00,+4.1500000000E+00,+405.0000000000E+00
+43.9600E-06,-9.3750000001E+00,+4.0562500000E+00,+405.0000000000E+00
+44.0600E-06,-15.6250000000E+00,+4.1375000000E+00,+405.9375000000E+00
+44.1600E-06,-15.6250000000E+00,+4.0812500000E+00,+406.5625000000E+00
+44.2600E-06,-6.2499999999E+00,+4.0812500000E+00,+405.6250000000E+00
+44.3600E-06,+0.0E+00,+4.0437500000E+00,+405.0000000000E+00
+44.4600E-06,-9.3750000001E+00,+4.0625000000E+00,+405.0000000000E+00
+44.5600E-06,-6.2499999999E+00,+4.0687500000E+00,+405.9375000000E+00
+44.6600E-06,-9.3750000001E+00,+4.0500000000E+00,+405.6250000000E+00
+44.7600E-06,-15.6250000000E+00,+4.0812500000E+00,+405.9375000000E+00
+44.8600E-06,-15.6250000000E+00,+4.0562500000E+00,+405.6250000000E+00
+44.9600E-06,-6.2499999999E+00,+4.0875000000E+00,+405.0000000000E+00
+45.0600E-06,-9.3750000001E+00,+4.0687500000E+00,+405.0000000000E+00
+45.1600E-06,-6.2499999999E+00,+4.1062500000E+00,+405.0000000000E+00
+45.2600E-06,+0.0E+00,+4.0812500000E+00,+405.9375000000E+00
+45.3600E-06,+0.0E+00,+4.0687500000E+00,+405.6250000000E+00
+45.4600E-06,-9.3750000001E+00,+4.0750000000E+00,+405.0000000000E+00
+45.5600E-06,-15.6250000000E+00,+4.0625000000E+00,+405.0000000000E+00
+45.6600E-06,-15.6250000000E+00,+4.0625000000E+00,+405.0000000000E+00
+45.7600E-06,-6.2499999999E+00,+4.0625000000E+00,+404.0625000000E+00
+45.8600E-06,-9.3750000001E+00,+4.0812500000E+00,+404.3750000000E+00
+45.9600E-06,-6.2499999999E+00,+4.0750000000E+00,+405.0000000000E+00
+46.0600E-06,+0.0E+00,+4.0812500000E+00,+405.0000000000E+00
+46.1600E-06,+18.7500000002E+00,+4.0562500000E+00,+405.0000000000E+00
+46.2600E-06,+40.6250000001E+00,+4.0687500000E+00,+405.0000000000E+00
+46.3600E-06,+84.3750000004E+00,+4.0750000000E+00,+405.0000000000E+00
+46.4600E-06,+137.5000000003E+00,+4.0625000000E+00,+404.0625000000E+00
+46.5600E-06,+184.3750000003E+00,+4.0625000000E+00,+404.3750000000E+00
+46.6600E-06,+231.2500000003E+00,+4.0625000000E+00,+404.0625000000E+00
+46.7600E-06,+278.1250000003E+00,+4.0625000000E+00,+404.3750000000E+00
+46.8600E-06,+325.0000000003E+00,+4.0625000000E+00,+405.0000000000E+00
+46.9600E-06,+371.8750000003E+00,+4.0625000000E+00,+404.0625000000E+00
+47.0600E-06,+409.3750000002E+00,+4.0437500000E+00,+407.1875000000E+00
+47.1600E-06,+412.4999999999E+00,+4.0312500000E+00,+409.6875000000E+00
+47.2600E-06,+415.6250000001E+00,+4.0500000000E+00,+409.6875000000E+00
+47.3600E-06,+421.8750000000E+00,+4.0625000000E+00,+409.6875000000E+00
+47.4600E-06,+421.8750000000E+00,+4.0625000000E+00,+410.6250000000E+00
+47.5600E-06,+412.4999999999E+00,+4.1000000000E+00,+410.3125000000E+00
+47.6600E-06,+415.6250000001E+00,+4.1062500000E+00,+411.5625000000E+00
+47.7600E-06,+412.4999999999E+00,+4.0750000000E+00,+411.8750000000E+00
+47.8600E-06,+415.6250000001E+00,+4.1187500000E+00,+411.2500000000E+00
+47.9600E-06,+421.8750000000E+00,+4.1562500000E+00,+412.1875000000E+00
+48.0600E-06,+421.8750000000E+00,+4.1562500000E+00,+411.8750000000E+00
+48.1600E-06,+421.8750000000E+00,+4.1562500000E+00,+411.2500000000E+00
+48.2600E-06,+421.8750000000E+00,+4.1750000000E+00,+412.1875000000E+00
+48.3600E-06,+412.4999999999E+00,+4.1687500000E+00,+412.8125000000E+00
